{
  "title": "Breast Cancer Diagnosis Prediction",
  "features": [
    "radius_mean",
    "texture_mean",
    "perimeter_mean",
    "area_mean",
    "smoothness_mean",
    "compactness_mean",
    "concavity_mean",
    "concave_points_mean",
    "symmetry_mean",
    "fractal_dimension_mean",
    "radius_se",
    "texture_se",
    "perimeter_se",
    "area_se",
    "smoothness_se",
    "compactness_se",
    "concavity_se",
    "concave_points_se",
    "symmetry_se",
    "fractal_dimension_se",
    "radius_worst",
    "texture_worst",
    "perimeter_worst",
    "area_worst",
    "smoothness_worst",
    "compactness_worst",
    "concavity_worst",
    "concave_points_worst",
    "symmetry_worst",
    "fractal_dimension_worst"
  ],
  "weights": [
    0.4661071611810078,
    0.6162297703587847,
    0.42973945599377944,
    0.5338051662402912,
    0.21705675969162633,
    -0.2840085880652492,
    0.731350755301455,
    0.8553237037289855,
    0.08421332834842551,
    -0.316199977302205,
    1.1960694251947679,
    -0.11819748259468281,
    0.7739825925471301,
    0.8617411292885925,
    0.1327572785283654,
    -0.7071776555496608,
    -0.024394961601874588,
    0.2783562557990244,
    -0.28150111049864096,
    -0.5551831762061727,
    0.9313267051259478,
    1.1569599970905131,
    0.762884355167212,
    0.9153176224053979,
    0.52647238365494,
    0.026266153834894248,
    0.8895876110457885,
    0.9586592676905477,
    0.8157644046745276,
    0.08203275249342218
  ],
  "bias": -0.7996476659620644,
  "means": [
    14.036749450549449,
    19.169428571428572,
    91.30101098901099,
    646.3925274725274,
    0.09631446153846153,
    0.10279531868131868,
    0.08503131582417582,
    0.04730564615384616,
    0.18125868131868134,
    0.06279191208791209,
    0.40178659340659345,
    1.2163573626373625,
    2.8367553846153846,
    40.06503736263736,
    0.0070851670329670335,
    0.02513483076923077,
    0.03110941230769231,
    0.01168316043956044,
    0.02060302857142857,
    0.0037650912087912086,
    16.141734065934067,
    25.49657142857143,
    106.26301098901098,
    868.4828571428571,
    0.1320549010989011,
    0.2487467032967033,
    0.26143682637362636,
    0.11198138241758242,
    0.2895162637362637,
    0.08382382417582418
  ],
  "scales": [
    3.4829446148298464,
    4.32327039707403,
    23.962108253343114,
    348.72001967192176,
    0.014074597415285698,
    0.05227466020151787,
    0.07760719057210033,
    0.03739580346345015,
    0.0269021606717849,
    0.007270331890255717,
    0.28199769240821804,
    0.5468817212918661,
    2.0752442354471725,
    47.71185317257381,
    0.003128152101114072,
    0.018043669396800396,
    0.031509885176132894,
    0.006215489130237885,
    0.008584389688909271,
    0.0025527978631275624,
    4.794921370706416,
    6.078705951688711,
    33.25865780613844,
    567.9594455153277,
    0.02249542921927584,
    0.15497206682336456,
    0.20339719007536036,
    0.06448048306596958,
    0.06218735569244246,
    0.018686174047688693
  ],
  "positive_label": "Malignant tumor pattern",
  "negative_label": "Benign tumor pattern",
  "metrics": {
    "accuracy": 0.9737,
    "samples": 114
  },
  "defaults": {
    "radius_mean": 13.37,
    "texture_mean": 18.84,
    "perimeter_mean": 86.24,
    "area_mean": 551.1,
    "smoothness_mean": 0.0959,
    "compactness_mean": 0.0926,
    "concavity_mean": 0.0615,
    "concave_points_mean": 0.0335,
    "symmetry_mean": 0.1792,
    "fractal_dimension_mean": 0.0615,
    "radius_se": 0.3242,
    "texture_se": 1.108,
    "perimeter_se": 2.287,
    "area_se": 24.53,
    "smoothness_se": 0.0064,
    "compactness_se": 0.0204,
    "concavity_se": 0.0259,
    "concave_points_se": 0.0109,
    "symmetry_se": 0.0187,
    "fractal_dimension_se": 0.0032,
    "radius_worst": 14.97,
    "texture_worst": 25.41,
    "perimeter_worst": 97.66,
    "area_worst": 686.5,
    "smoothness_worst": 0.1313,
    "compactness_worst": 0.2119,
    "concavity_worst": 0.2267,
    "concave_points_worst": 0.0999,
    "symmetry_worst": 0.2822,
    "fractal_dimension_worst": 0.08
  },
  "notes": "Trained from UCI Wisconsin Diagnostic Breast Cancer data. Target is M vs B."
}