{
  "title": "Heart Disease Prediction",
  "features": [
    "age",
    "sex",
    "chest_pain_type",
    "resting_bp",
    "cholesterol",
    "fasting_blood_sugar",
    "rest_ecg",
    "max_heart_rate",
    "exercise_angina",
    "oldpeak",
    "slope",
    "major_vessels",
    "thal"
  ],
  "weights": [
    -0.26678193330470257,
    0.7192085337544216,
    0.5031982274004061,
    0.6357688715504413,
    0.2619180645952663,
    -0.5368349011022838,
    0.07969664033504062,
    -0.6070039532671675,
    0.46325340207808513,
    0.20277096374545295,
    0.43056210714119825,
    1.3558673306160074,
    0.6318665039781798
  ],
  "bias": -0.005077425347883198,
  "means": [
    54.742616033755276,
    0.6666666666666666,
    3.1856540084388185,
    131.86919831223628,
    248.084388185654,
    0.12658227848101267,
    0.9451476793248945,
    148.86075949367088,
    0.34177215189873417,
    1.110970464135021,
    1.5864978902953586,
    0.6835443037974683,
    4.789029535864979
  ],
  "scales": [
    9.044498427561166,
    0.4714045207910317,
    0.9409377305535639,
    18.0350040734993,
    52.29808720257008,
    0.3325044439636379,
    0.9900068614841786,
    23.374081814886168,
    0.4743036454479796,
    1.1920118737430891,
    0.5934835771313837,
    0.935168079355133,
    1.9502801668184597
  ],
  "positive_label": "Heart disease risk detected",
  "negative_label": "No heart disease risk detected",
  "metrics": {
    "accuracy": 0.7667,
    "samples": 60
  },
  "defaults": {
    "age": 56.0,
    "sex": 1.0,
    "chest_pain_type": 3.0,
    "resting_bp": 130.0,
    "cholesterol": 243.0,
    "fasting_blood_sugar": 0.0,
    "rest_ecg": 1.0,
    "max_heart_rate": 153.0,
    "exercise_angina": 0.0,
    "oldpeak": 0.8,
    "slope": 2.0,
    "major_vessels": 0.0,
    "thal": 3.0
  },
  "notes": "Trained from UCI processed Cleveland heart disease data. Target is disease presence: 0 vs 1-4."
}